-606.6482930544402,0.8052100646285911,1.096578029343218
-605.360078085318,-0.562178248828702,0.174950492707771
-604.071863116196,-0.10904517940991387,-0.10162286469443722
-602.783648147074,0.11389473102846531,-0.18016841011473708
-601.495433177952,0.1502176694435354,0.3280654713678937
-600.2072182088299,0.0961850982624431,0.1621111007294855
-598.9190032397079,0.20093545060454424,0.11236459503256588
-597.6307882705859,-0.012233526968396255,0.24696298360199126
-596.3425733014637,-0.1928214752587741,0.2006835161444894
-595.0543583323417,0.5197322613104949,0.4983684146112583
-593.7661433632197,0.3417139209592211,0.2371192319995559
-592.4779283940977,0.6544222020992223,0.6841694532164817
-591.1897134249756,0.9800694571677265,1.047302932036322
-589.9014984558536,0.37475387711425495,0.7115044138170563
-588.6132834867316,-0.07922027063184739,0.08336710254306126
-587.3250685176095,0.6207997152206122,0.20544619831812683
-586.0368535484874,0.42317140885946475,0.5507817495361219
-584.7486385793654,0.3038643798237006,0.45244659921508296
-583.4604236102433,0.22734413703431156,0.20667593197006023
-582.1722086411213,0.2714832601687552,0.3824926236011573
-580.8839936719993,0.17359535072964044,0.6478781600721742
-579.5957787028773,-0.28368881203804175,-0.30596136693120346
-578.3075637337552,0.41178912440326737,0.22644898103242492
-577.0193487646332,-0.20907059922250337,-0.2303994090024102
-575.7311337955111,0.270042260168608,0.47088163185133114
-574.442918826389,0.387783059291859,0.7515065863635321
-573.154703857267,0.5302915390622595,0.9277024296733156
-571.866488888145,-0.2948230723244773,0.15141952071149758
-570.5782739190229,0.11800396856011097,0.3176412029302643
-569.2900589499009,-0.084365399978289,-0.12392807741854032
-568.0018439807789,-0.1476356187274169,-0.10474607325472027
-566.7136290115902,0.3643298933982182,0.4786037182729944
-565.4254140424682,0.36991201604316165,0.2407065907285132
-564.1371990733461,0.01024437016402165,-0.01557829994185032
-562.8489841042241,0.32776972737998994,0.4362778144553485
-561.5607691351021,0.25431275599174796,0.5248480144474595
-560.27255416598,0.07032010611141004,-0.18814852026476162
-558.984339196858,0.15963929169199925,0.17330469156884007
-557.6961242277359,-0.15449756808610318,-0.05833655517071689
-556.4079092586138,0.4689782351921626,0.05813733767299263
-555.1196942894919,-0.2614302825855298,0.1875033843641725
-553.8314793203698,0.15596594717290255,-0.062885721525344
-552.5432643512477,0.6047528390506217,-0.05801618585914886
-551.2550493821258,0.6810711852662304,0.12576550053164612
-549.9668344130037,0.1406796142096785,0.1438298195243434
-548.6786194438815,-0.3257088666870273,0.10074100253126872
-547.3904044747596,-0.6474713206340833,-0.08875002462141245
-546.1021895056375,-0.47619803220721185,-0.13230722667322195
-544.8139745365154,-0.014484729988279493,-0.021886176990401587
-543.5257595673935,0.28962027542434043,-0.17647671044760324
-542.2375445982714,0.6618533034012611,0.31983172837931734
-540.9493296291492,0.3176543307182681,0.22737269593288228
-539.6611146600274,0.6678239094013191,1.0222355924391409
-538.3728996909052,0.3599347527319899,0.2968816784927611
-537.0846847217831,-0.7777425064516675,-0.4533114620765997
-535.7964697526612,-0.8473650340499348,-0.15552344602019746
-534.5082547835391,0.15677772836134543,0.2220981441402692
-533.220039814417,-0.525341343342918,-0.3631790893283395
-531.9318248452951,-0.18183231390504298,0.045355719000661925
-530.643609876173,0.4668836990354655,0.06541532249639771
-529.3553949070509,0.2317417782912209,0.13881828211962993
-528.0671799379289,0.5163787735408799,0.3042849405802801
-526.7789649688068,0.2734256993461612,-0.06953895003337784
-525.4907499996183,-0.34012081760463553,-0.24501829012172568
-524.2025350304962,-0.07168416025841132,-0.403520395156139
-522.9143200613742,-0.4071011843062474,-0.5207244333616272
-521.626105092252,0.08127300473174896,0.019478277732264463
-520.33789012313,-0.14090378390055439,-0.31479702120347197
-519.049675154008,0.48652642085229486,-0.3793620179737639
-517.7614601848859,0.5050768455745398,-0.1278745233663573
-516.4732452157639,-0.13574864804129277,-0.42132797848246123
-515.1850302466419,-0.028368441104686535,-0.3712796328990367
-513.8968152775199,0.21045065059971182,-0.25275144128049754
-512.6086003083977,-0.805991104502026,-0.28404012624668074
-511.32038533927573,-0.4011754827017823,-0.21296117895419975
-510.0321703701537,-0.5511033453113138,-0.05570821390451924
-508.74395540103166,-0.9813899186823433,-0.48870108159091835
-507.45574043190965,-0.35591053140840945,-0.13522217161451103
-506.1675254627876,-0.09871856974015186,-0.007935733100344424
-504.8793104936655,-0.3439962905552555,-0.5552855259267763
-503.5910955245435,-0.35701028101337223,-0.5395905761031151
-502.30288055542144,-1.0363919385954263,-0.8368066763616357
-501.0146655862994,-0.1428982090266749,-0.20001852954030883
-499.72645061717736,-0.7203155912883908,-0.3767278332247731
-498.43823564805535,0.13842648749994588,-0.21131833225566465
-497.15002067893323,-0.5129924048535233,-0.33683814619943186
-495.8618057098112,-0.8106208734054225,-0.7381356744154792
-494.5735907406892,-0.6309729456722413,-0.7308595519995211
-493.2853757715671,-0.12397598605594516,-0.4405145915469064
-491.9971608024451,-0.03822055984049733,-0.15740658827665777
-490.70894583332307,-0.8023509420615779,-0.482497880500501
-489.420730864201,-0.27249275377614507,-0.3219382577075589
-488.13251589507894,-1.1287585914961558,-0.7570896992443766
-486.84430092595693,-0.3871397077917196,-0.2707770705510845
-485.5560859567683,-0.3131333470786625,-0.7796553173863029
-484.2678709876463,-0.09768364795829879,-0.2068725808584005
-482.9796560185242,0.5170885390270996,0.04484546476707892
-481.69144104940216,-0.8374947384521331,-0.46014090130976254
-480.40322608028015,-0.3355802561160275,-0.1409460605376163
-479.1150111111581,0.75244509751563,0.5899163472383353
-477.826796142036,0.23113735958683415,-0.054989305252738374
-476.538581172914,-0.020419697164100026,-0.3431945694112555
-475.25036620379194,-0.02221164310322331,-0.04875988160030608
-473.9621512346699,0.5707180169601934,0.9685291125377785
-472.67393626554787,0.7292130253391507,0.5472222047163215
-471.38572129642586,1.1995820423661552,0.9762672826911807
-470.0975063273038,1.3275846057930956,1.018352265191338
-468.8092913581817,0.848021798765962,1.050546093039662
-467.5210763890597,1.0678047383625597,1.492660057211813
-466.23286141993765,0.6587508889731873,1.4473421988441006
-464.9446464508156,0.687788933317561,0.499528466961876
-463.6564314816936,0.0074702809252060985,0.1037602659940933
-462.3682165125715,0.15943314274782897,0.5881398491578136
-461.0800015434495,0.3508031508422012,0.4920641490638443
-459.79178657432743,0.8736961288307115,0.4279489085300824
-458.50357160520537,0.2758115168459367,0.6069921768202186
-457.21535663608336,0.314110265317477,-0.0703438354173316
-455.9271416669613,-0.0845790980798079,-0.19456410221942527
-454.6389266978392,-0.051787888153656224,0.5330594566264946
-453.3507117287172,0.10438023704171814,0.2637763904059344
-452.06249675959515,0.21324048982815264,0.24041855227819986
-450.7742817904731,0.0935992576587439,0.23145858088809462
-449.4860668213511,0.19912795577715348,0.013742830573251165
-448.19785185222906,0.1975089787614942,0.26081503538098183
-446.909636883107,0.4133138103386331,0.9257559287049509
-445.62142191398493,0.1305869710387663,0.5006545095220871
-444.3332069447963,0.31898698338224035,0.0790863052711414
-443.0449919756743,0.7618569619583371,0.22277977139217306
-441.7567770065523,0.14444713209648005,-0.2697963082062456
-440.46856203743016,0.5986604400607962,0.9108720220727808
-439.18034706830815,0.14635280323802732,0.30030204665638593
-437.89213209918614,-0.44627782367751617,-0.37545805156719514
-436.603917130064,-0.32869864144006533,-0.17432413704492972
-435.315702160942,0.07484371239569937,-0.1966429728165955
-434.02748719182,0.012132482217558154,-0.36146480153892885
-432.73927222269793,-0.3263808629530676,0.2933925935912018
-431.45105725357587,-0.3082821944046911,0.09159261340914883
-430.16284228445386,0.03209675681253648,-0.051282763421856545
-428.8746273153318,-0.6977888697355814,-0.3726555816088926
-427.5864123462097,-0.29205700415852115,-0.046378520244516074
-426.2981973770877,0.024204844182636236,0.35459527999565194
-425.0099824079657,-0.4718405638523445,-0.24831915001968544
-423.7217674388436,-0.6710865074449006,-0.6988814706461359
-422.4335524697216,0.16310148693163581,-0.1572968226188703
-421.14533750059957,-0.624515093311065,-0.17536543696468407
-419.8571225314775,-0.4277898468714098,-0.4028614409062299
-418.56890756235543,-0.07787049611878231,-0.30027371029278405
-417.2806925932334,0.06286948165426211,-0.2798698191156582
-415.99247762411136,-0.24078368061734803,-0.6956009873524588
-414.7042626549893,-0.8401168528401378,-0.5270535190263916
-413.4160476858673,-0.5353154223173449,-0.27695521133279466
-412.1278327167452,-0.2162241559571314,0.08439154269752151
-410.8396177476232,-0.8917417434872731,-0.15297029322877223
-409.55140277850114,-0.9616860207307387,-0.6726410764228824
-408.2631878093791,-0.3858780179865772,-0.24802585272148894
-406.97497284025707,-0.5043280763106639,-0.627921179732745
-405.686757871135,-0.5302564343378645,-0.4427908276326248
-404.3985429019464,-0.28555327019232746,-0.45439481248476427
-403.11032793282436,0.20064881645701596,-0.25006824896424706
-401.8221129637023,0.2155645794514553,-0.030172809839985867
-400.5338979945803,-0.4052323484679029,-0.5120583109035972
-399.2456830254582,-0.011503413283001598,-0.18705297953896496
-397.95746805633615,0.04840716757544046,-0.09081309460521149
-396.66925308721414,0.549376934384011,0.12670933370120382
-395.38103811809214,0.14355867954741874,0.3395960231082475
-394.09282314897,0.17446735705193447,0.332327253612661
-392.804608179848,0.7014055660403283,0.5075724960094349
-391.516393210726,0.6472321216870139,0.8904089776636938
-390.22817824160387,0.7217474595117218,0.6323373541038132
-388.93996327248186,0.748332423991424,0.38340388818444676
-387.65174830335985,0.1186497723524469,0.17827951568390005
-386.36353333423773,0.24246894742016473,0.45624972522627494
-385.0753183651157,0.17911384459102497,0.4707553154348242
-383.7871033959937,0.3774244420337477,0.5970655379894254
-382.4988884268717,0.5309817052860141,0.47645358773415425
-381.2106734577496,0.15620895020689388,0.27706959526947356
-379.92245848862757,0.07582139270015077,0.0045635213189
-378.63424351950556,0.4243554535426702,0.47826655623533526
-377.34602855038344,-0.3108949176138325,0.1358355849118164
-376.0578135812614,-0.09376162294506263,-0.03374916612714459
-374.7695986121394,0.20697157142253503,-0.060922177232318304
-373.48138364301735,0.35701757075946294,0.4562589577148151
-372.1931686738953,-0.17392855979557628,0.38930604713236966
-370.9049537047733,-0.05772851178716583,0.0790839043426348
-369.6167387356512,-0.17877291758884017,-0.054099494610333816
-368.32852376652914,0.4747626265731873,0.11829255808646232
-367.04030879740714,-0.03267024469095687,-0.03519946048407312
-365.75209382828507,0.7027535914656052,0.3566640415119445
-364.463878859163,0.5768207639678524,-0.12181092570721114
-363.17566388997443,0.578233474339253,0.42711181866135506
-361.88744892085236,0.30068648622078237,0.5851766455365686
-360.59923395173035,-0.24504196720040758,-0.3040461782881085
-359.3110189826083,-0.42335911680774424,-0.5333854461444278
-358.0228040134863,-0.10287885601201197,-0.06825157491552813
-356.7345890443642,-0.26176076893772393,-0.26076888451883967
-355.44637407524215,-0.15151590244743282,0.1054439598842027
-354.15815910612014,-0.487810096724396,-0.33005592806432754
-352.8699441369981,0.3601228831729275,-0.31763272990869434
-351.581729167876,0.0731221952321448,-0.30546956430600264
-350.293514198754,-0.32373105510798805,-0.2760088970207094
-349.00529922963193,-0.36013214037106317,-0.3110317356450575
-347.71708426050986,0.6499244612409479,0.19966159763842772
-346.42886929138785,-0.44932430779804416,-0.03490252879201838
-345.14065432226585,0.3822152351378665,-0.4670647100640877
-343.8524393531437,-0.18208659607797403,-0.5410792181793245
-342.5642243840217,-0.23982953341790864,-0.2582475337684384
-341.2760094148997,0.08073026382965158,0.08607956791199946
-339.9877944457776,-0.5433696598826313,-0.16099152429131
-338.6995794766556,-0.30887536912029256,-0.35715555179730607
-337.41136450753356,0.2255527789219303,0.4776968845838783
-336.12314953841155,0.1703271033851142,0.05972202302701423
-334.83493456928943,0.23979308285451795,0.19941467928758538
-333.5467196001674,1.1913499645972765,0.6653720019943692
-332.2585046310454,0.8558400201758226,0.38890942724256794
-330.9702896619233,0.28746210513001336,-0.10959061307219789
-329.6820746928013,0.13062363541384137,0.08294741643428521
-328.39385972367927,0.4373364737375595,0.4703331682656691
-327.10564475455715,0.22002601217726198,0.1188614065718881
-325.81742978543514,-0.36924602782122473,-0.07611851889707584
-324.52921481631313,-0.47195687628232,-0.2296703937159583
-323.24099984719106,0.5239166369640379,0.4456181905987988
-321.95278487800243,-0.40318017711784804,-0.21490230580377376
-320.6645699088804,-0.5701499951771682,-0.46575107887358863
-319.37635493975836,-0.05436492754442825,-0.21279326084664796
-318.08813997063635,0.31039052859998467,0.24854336265047178
-316.7999250015143,-0.007725179395273934,0.23004797328210294
-315.5117100323922,-0.04675689230756082,0.3705662211638373
-314.2234950632702,0.3466334761086458,0.20668103854639894
-312.93528009414814,-0.3758488864978336,0.07241618180231169
-311.6470651250261,-0.1611467295300936,0.17361206552874428
-310.35885015590407,-0.2333113838843743,-0.21991752674721493
-309.070635186782,-0.5919548788016173,-0.24449123270254114
-307.78242021766,-0.16817352017836937,0.1803033905818336
-306.4942052485379,-0.079740215186748,0.16227588225004833
-305.20599027941586,-0.532466448990792,-0.1555720145601333
-303.91777531029385,-0.14181099201264427,-0.1533104932796167
-302.6295603411718,0.08673329943373229,0.41310457680676027
-301.3413453720497,-0.21344521759605986,-0.13993749071840236
-300.0531304029277,0.24150570606846283,0.16168354091969803
-298.76491543380564,-0.003923583241350604,0.22706105164411897
-297.4767004646836,-0.1013438752979541,-0.3877916333146468
-296.18848549556157,-0.5897322901344321,-0.5161087724386253
-294.90027052643956,-0.4633609251419662,-0.398799137922088
-293.6120555573175,-0.7439534217652449,-0.3372602689846669
-292.3238405881954,-0.7366772859627333,-0.8673209810066408
-291.0356256190734,-0.12086616488039259,0.21006876562358576
-289.74741064995135,1.759932320289884,1.4946865265282867
-288.4591956808293,1.704698786292519,1.281979331603034
-287.1709807117073,0.021698977600745246,0.5621147819287015
-285.88276574258526,0.1565043716627517,0.4477238609993885
-284.59455077346314,1.643427674140854,1.3195500420954216
-283.30633580434113,0.28331406123974734,0.6289539840065833
-282.0181208351525,-0.13494659344867496,0.08819715250414764
-280.7299058660305,-0.2866909552831539,-0.15997510879915555
-279.4416908969084,-0.2002371072375421,-0.40297632309371956
-278.15347592778636,0.12097260297560262,-0.370518828913034
-276.86526095866435,-0.07005856357135666,-0.3190907808653655
-275.5770459895423,-0.8459230426814832,-0.6558533061388203
-274.2888310204202,-0.7981427108232023,-0.7674488239905697
-273.0006160512982,-0.602461356696385,-0.4477486088477247
-271.7124010821762,0.8165693846988401,0.4419530740878856
-270.42418611305413,1.1140043633767398,0.5820495840007913
-269.13597114393207,0.4027267393801202,0.3688696683931202
-267.84775617481006,0.4491653636262282,0.4890533995127821
-266.559541205688,0.8909285256840525,0.3456967288714233
-265.2713262365659,0.3973690887211963,0.47287532429051116
-263.9831112674439,-0.8314629324956968,-0.13762486907200602
-262.69489629832185,-0.19900531222932574,0.21337130332832008
-261.4066813291998,-0.19592346205328154,0.06603482225713887
-260.1184663600778,0.4975780707533667,0.08755369360208144
-258.8302513909557,-0.5134354475523474,-0.3481371964564543
-257.5420364218337,-0.5189895387231942,-0.09324921151930829
-256.25382145271163,-0.5076853913924086,-0.09441654261182682
-254.9656064835896,0.11755196787138149,0.09694325132835876
-253.67739151446753,-0.4054247368335529,0.2895075520056799
-252.38917654534552,-0.1671593871348191,0.38532459796452595
-251.10096157622345,0.1448821671556499,0.3912760743489121
-249.81274660710142,0.0337929337753714,0.20202467626019038
-248.52453163797938,-0.029346503485730525,-0.1490453459952228
-247.2363166688573,-0.08943592098349713,-0.15293444979826282
-245.94810169973528,-0.5671323772218186,-0.5253323327719484
-244.65988673061324,-0.34664963552944317,0.056331111877565426
-243.3716717614912,-0.20275514536386388,-0.12480443597727175
-242.08345679236916,0.3279534725524829,-0.36127778626895446
-240.79524182318056,-0.6204203869902218,-0.3901484755389926
-239.5070268540585,-0.008646407759977031,-0.1556246816436519
-238.21881188493643,0.476978662895533,-0.18967418527912486
-236.93059691581442,-0.11426285552494796,0.0670601886767676
-235.64238194669235,0.09901393076566582,0.2034748234429791
-234.35416697757034,-0.5083466623684924,0.051472492358193
-233.06595200844828,-0.12508265792482226,0.23177900371633176
-231.7777370393262,0.15502261260688552,0.11016334631327929
-230.4895220702042,-0.1035550655260743,0.3528891228524165
-229.20130710108214,0.1936597504088095,0.04175292861300633
-227.9130921319601,0.409603467927708,0.46476460273744574
-226.62487716283806,0.19387576033809467,0.3116005012756607
-225.336662193716,0.16354993347244282,0.43658055458319267
-224.04844722459399,0.5887982309071015,0.765984855435616
-222.76023225547192,0.491067187677227,0.3793734717701562
-221.47201728634988,0.10671700919626,0.14428776930517231
-220.18380231722784,-0.22605891121816898,0.37939833215109975
-218.8955873481058,0.5448933245904501,0.6301471126562931
-217.60737237898374,0.7434349276201777,0.5558934562248522
-216.3191574098617,0.3040145051475602,0.25600053625865465
-215.03094244073966,0.10957593876736592,0.04600639101476014
-213.7427274716176,0.07904438514887917,0.12619637467691802
-212.4545125024956,0.5071668097439214,0.27529848103999516
-211.16629753337352,0.48779017881970416,0.24754783840226258
-209.87808256425149,0.13338277866565745,0.4610601322688215
-208.58986759512945,0.5583241004787682,0.6682374366997693
-207.30165262600738,-0.03415175813456825,0.11764607847723654
-206.01343765688537,0.7237239142159839,0.5884387626478507
-204.7252226877633,0.6681439044132065,0.33545775218666046
-203.43700771864124,-0.016070043226658594,0.6531858490591989
-202.14879274951923,0.7795432105221304,0.3845831625216302
-200.8605777803306,1.0364127075016918,0.44641094756144667
-199.57236281120856,-0.3138103934469322,0.043850919594085914
-198.28414784208653,-0.9072781047534147,0.0044052931793231
-196.9959328729645,-0.018703305068323028,-0.08330860411013898
-195.70771790384242,-0.7403936871985405,-0.18468523386315072
-194.41950293472038,0.3657780908110724,0.2887690209413374
-193.13128796559835,0.014716119975614842,0.4991916957087699
-191.84307299647628,0.28329094587498105,-0.06702472016174656
-190.55485802735427,0.583258648353114,0.5510267235811203
-189.2666430582322,-0.15166500405059566,0.15096235275455924
-187.97842808911017,-0.1710473421159922,-0.014186000329182219
-186.69021311998813,-0.10720674700442705,0.404504623458133
-185.40199815086606,-0.0722076841249738,0.3410753271660054
-184.11378318174405,0.28542462029829746,0.11539128146845204
-182.825568212622,-0.2273806649616611,-0.24048393153471873
-181.53735324349992,0.12777873067719794,0.15110067364493368
-180.2491382743779,0.35626800774698114,0.2093655143269625
-178.96092330525585,0.3598231926578895,0.3432043728009939
-177.67270833613384,-0.08590227969215199,-0.10197043684776902
-176.38449336701177,0.16152143673395955,-0.18837340387331766
-175.09627839788973,0.03032931583969979,-0.18261922557222451
-173.8080634287677,0.3641083144119479,-0.021206056002790227
-172.51984845964563,0.21070242992335705,-0.02185972162323473
-171.2316334905236,0.4424911120774292,0.04195546075308241
-169.94341852140155,0.2917352515678599,0.1871087044158188
-168.65520355227952,1.1851341761089147,1.126820305271021
-167.36698858315748,0.6980668066762045,0.6911867431573085
-166.0787736140354,0.2128039345608259,0.6377609069253336
-164.79055864491338,0.1797124719378947,0.33443190223227703
-163.50234367579134,-0.1000801322624688,0.30418259216650845
-162.2141287066693,-0.0022206315956433778,0.16565851462206396
-160.92591373754723,-0.4431511438775083,-0.4663533929128336
-159.63769876835863,-0.42633656497165007,-0.40928542714945965
-158.3494837992366,0.7911659977466456,0.49756351340092003
-157.06126883011453,0.5155057892690127,0.4324116491427539
-155.77305386099252,0.7215515532757969,1.0227610827097544
-154.48483889187045,0.11022735886712097,0.37938100560042737
-153.19662392274842,0.039974400949547455,0.09241917805208864
-151.90840895362638,-0.4759022346926637,-0.04352083414458314
-150.6201939845043,-0.3890055063177695,-0.05912969206625822
-149.33197901538227,-0.08719442142272008,0.01822468560493501
-148.04376404626024,0.4751342748721543,0.028505586689065297
-146.7555490771382,0.288364783187418,0.3510245372529101
-145.46733410801616,0.3599956698940042,0.2276362545909542
-144.1791191388941,-0.28438147166054006,-0.1551262208923551
-142.89090416977206,0.3931557698106442,0.07209498286707448
-141.60268920065002,-0.0711789200301559,-0.043095597645057826
-140.31447423152798,0.2535973888076573,0.12942833292319453
-139.02625926240592,-0.06872284344886473,-0.12824656328921374
-137.7380442932839,0.4654785330528823,-0.33582804341220834
-136.44982932416184,0.17037161453806696,0.2506490619731573
-135.1616143550398,0.3338861210609054,0.6833279349701615
-133.87339938591776,-1.467232395545129,-0.2639005954106832
-132.5851844167957,-0.22024796445493006,0.21856869003704874
-131.2969694476737,0.08866114743316049,0.18879277713810763
-130.00875447855162,0.36739671793213274,0.16058979457876266
-128.72053950942959,-0.6793116216043783,-0.2643085786638257
-127.43232454030753,-0.21612545091792762,-0.48352369883557156
-126.14410957118548,-0.09119627881764918,-0.5251933967518058
-124.85589460206344,-0.0071720067119763874,-0.058568657564555024
-123.5676796329414,-0.6402673734458348,-0.6800438650070392
-122.27946466381935,-0.272578205454142,-0.35185320253669655
-120.99124969469732,-0.20296270712357772,-0.7277184159814537
-119.70303472557526,-0.06724807329726866,-0.2848225298204062
-118.41481975638666,0.40428281816528716,0.05673124624230412
-117.12660478726461,0.0008671095854508705,-0.5194285978797955
-115.83838981814257,-0.33858564585918943,-0.36609174177215853
-114.55017484902052,-0.12483843848772097,-0.06822591987988467
-113.26195987989848,-0.4073517636061086,-0.4280489130643193
-111.97374491077645,-0.8761818335045745,-0.19748332069478283
-110.6855299416544,-0.08962598916131928,-0.13196102635710022
-109.39731497253234,-0.38048555300207454,0.010151271017396563
-108.1091000034103,0.14162792058729992,-0.053831397703329655
-106.82088503428827,-0.4172224893460873,-0.5403126582211373
-105.53267006516623,0.16650315570151025,0.1047885373489695
-104.24445509604416,0.0779290327451926,-0.16258914567416743
-102.95624012692213,-0.6444444135351229,0.00585795735327291
-101.66802515780009,0.07684254441115895,0.09733300206043848
-100.37981018867804,0.5784356344741405,0.4447728512634106
-99.091595219556,0.7461899797710378,0.5931307346049562
-97.80338025043396,-0.07404650275517538,-0.045938007849190624
-96.51516528131191,-0.6184021025824727,0.030341683134265978
-95.22695031218986,0.08007852559951853,-0.22748316160256482
-93.93873534306782,0.3861834513132736,0.365740169591493
-92.65052037394578,0.3275477515950763,0.2899431569984918
-91.36230540482374,-0.20365258539759115,0.6443913272809855
-90.07409043570168,0.1243020664768816,0.2882711293938309
-88.78587546657964,0.31868311276797257,0.46991382407330423
-87.4976604974576,0.6554532382544401,0.6325569477887462
-86.20944552833556,1.3875385941625389,0.8706788727801184
-84.92123055921351,0.6277200205107436,0.41645446575603634
-83.63301559009147,0.40464682968974924,0.436978624906717
-82.34480062096942,0.6471728895243825,1.1436359501002442
-81.05658565184739,0.8757924745884371,1.0178447301929339
-79.76837068272533,0.7001343890541041,0.8927225403682939
-78.48015571353673,0.25055528733783256,0.8845413118293302
-77.19194074441468,0.19729500296179706,0.7441660860412752
-75.90372577529264,0.13764253587567055,1.0084460042514034
-74.6155108061706,0.9520827009571011,1.6134971586863431
-73.32729583704855,1.1125638239267093,1.8595174508755226
-72.0390808679265,1.288200854661328,1.6604279149441703
-70.75086589880446,1.66234204946839,2.136519992199009
-69.46265092968243,2.3624093368139425,2.846586404974063
-68.17443596056037,2.71192820338018,3.903872049127146
-66.88622099143832,2.3926255027546444,4.03559767712355
-65.59800602231628,3.3706700615183576,4.70934058547125
-64.30979105319425,4.050722096576411,5.719996455141394
-63.0215760840722,5.14855400040317,7.108754635530955
-61.73336111495015,6.760510140406107,8.207747119127934
-60.44514614582811,7.45058537648691,9.787557754899643
-59.15693117670607,8.808765644601037,11.196573609501423
-57.86871620758402,10.5200558687944,12.231346971861184
-56.58050123846198,13.224723587444275,14.210959154834569
-55.29228626933994,13.728468297308103,15.47259952019185
-54.00407130021789,15.050538971047864,16.641261848303497
-52.71585633109585,16.53999202298345,18.26399914668931
-51.4276413619738,20.04585850820014,20.29457206921114
-50.13942639285176,21.38349642606314,20.983871163126267
-48.851211423729715,23.15534929274926,21.47908592526503
-47.56299645460767,22.528180739350823,21.490342687029568
-46.274781485485626,20.659597675721333,20.38353218955429
-44.98656651636359,20.401106214396552,19.597688523484262
-43.698351547241536,19.401658501010388,19.24847430197144
-42.41013657811949,17.342181756113725,18.419520022214698
-41.121921608997454,17.283221405469465,18.09171109147353
-39.8337066398754,16.168671260217067,18.460511009962833
-38.545491670753364,16.762432760852217,18.361414971775908
-37.25727670156475,15.680617590853082,17.28024242573434
-35.96906173244271,13.96063924740129,16.679265446668357
-34.68084676332066,13.190576825797539,15.047247109630828
-33.39263179419862,11.889071387553551,14.213112219423582
-32.10441682507658,10.848151369255328,13.183628996754823
-30.81620185595453,9.784399646580114,12.530776181624814
-29.527986886832487,9.14708707771044,11.4369661417433
-28.239771917710446,9.685242405760585,11.552886817621456
-26.9515569485884,8.910048954930971,11.769345759189342
-25.663341979466352,9.17654541101203,11.54204961171201
-24.375127010344308,8.457986204019916,10.759823003348556
-23.086912041222266,8.178590957902122,11.139050720723693
-21.79869707210022,8.227607580650968,11.378517469812794
-20.510482102978177,8.249200485789952,11.961382894866562
-19.222267133856136,9.047871742537877,13.525409227652736
-17.93405216473409,11.070578005240316,16.048507765988106
-16.645837195612046,12.742207440573514,18.960346417680668
-15.357622226490003,15.476071297329057,22.63146956397051
-14.069407257367958,19.077542620598923,27.896690962982216
-12.781192288245915,23.276367945881145,34.86964851661586
-11.49297731912387,29.67269496164388,45.80559731517531
-10.204762350001827,38.06023055437469,60.71857741282879
-8.916547380879784,50.48223839063818,81.18655133631434
-7.6283324117577385,66.0210964162144,107.84804157790141
-6.3401174426356945,91.81964275841084,150.35333815336946
-5.051902473513651,157.15295877911288,249.90554441036522
-3.763687504391607,247.65059709790404,388.32970788667967
-2.475472535269563,319.3362568574095,481.35977656430623
-1.1872575661475189,388.07457252578047,504.3467467162347
0.10095740300780882,358.48012340634506,426.8047472264946
1.3891723721298528,251.8783715829529,311.2844271977729
2.677387341251897,181.49100338902184,242.77277889728552
3.965602310373941,152.13730697589062,210.3333153340517
5.253817279495984,138.21562816802825,188.0280674593833
6.542032248618028,118.10879406295027,161.7970941442408
7.830247217740073,95.64287729854523,132.87964260860826
9.118462186862116,77.02138848361317,106.60846963629263
10.406677155950877,63.067732240866725,84.94350877856182
11.694892125139488,52.9540223565332,68.23912606852271
12.983107094261534,44.03159378044721,54.13572346153803
14.271322063383577,37.30828436177776,43.262858452173795
15.55953703250562,32.04383626494005,35.1407425041598
16.84775200159438,28.074857260367867,28.78729353341465
18.13596697074971,25.246500647174088,24.457383513606715
19.42418193987175,22.96331109526498,20.57899728857995
20.712396908960514,21.08804489412082,17.876527565819266
22.00061187811584,19.804916422193248,16.251818982267487
23.288826847237885,18.67894894193914,14.185439888814434
24.577041816359927,18.159274601135554,12.506313762323844
25.86525678548197,16.957637891226582,11.267120220219462
27.153471754604016,16.467815915861877,9.926005116221535
28.44168672372606,16.255590678905786,9.888666414971892
29.729901692848102,16.25385482973932,10.163647807410284
31.018116661970147,17.863481816507203,11.3830889070787
32.30633163109219,17.645577550293062,10.799426244830524
33.594546600247526,17.834044051765144,10.674420034181242
34.88276156933628,16.387282716500014,9.311577971177279
36.17097653849161,15.760540673126242,8.85395685264603
37.45919150761365,13.932333816592184,7.299691926794608
38.7474064767357,13.365695467686892,6.485513778342258
40.035621445857736,12.791769830934534,5.797550165091626
41.32383641497979,11.8334493629338,5.160925313828931
42.612051384101825,12.154913427901159,4.8741178122832665
43.90026635322387,12.113788995143883,4.42802545604486
45.188481322345915,12.799001934777404,4.592778272248127
46.47669629146796,11.605800866766037,4.437793839925336
47.764911260590004,10.776987526594649,4.629101293763575
49.05312622971205,11.082065543590673,4.329719046640881
50.341341198834094,10.960644450695629,3.716124410019799
51.62955616795614,10.906288455892497,3.403976951858526
52.917771137078184,11.185324169960397,3.3697304358501694
54.20598610623351,10.194909725849543,3.07683479484652
55.49420107535555,10.268899143631591,2.5811836622011555
56.78241604451088,10.045078011600067,2.858530458636785
58.07063101359964,9.42351863921397,2.665314166605842
59.35884598272169,9.59800380899596,2.5130437844695996
60.64706095184373,9.399178719816453,2.5936255558318426
61.935275920999054,9.707273483792436,2.3794592254253275
63.22349089008782,10.068442165676203,2.8686445896400405
64.51170585920987,10.224527313506352,2.887476631836563
65.7999208283319,10.055376796942625,3.058001351065043
67.08813579748724,9.977236173847253,3.0951831211084007
68.376350766576,9.63217578010421,2.5391972126829274
69.66456573566475,9.546108027286158,2.5841849950906206
70.95278070482007,9.174707058197857,2.636035837092081
72.24099567397542,9.540376441555685,3.013434464226886
73.52921064306418,9.755541465400103,2.8404140667371234
74.8174256122195,10.514356240749148,3.163663239916069
76.10564058130825,9.630046412628122,2.691906463163927
77.39385555049687,9.798400446146404,3.3814487757614695
78.68207051958562,9.72966601570609,2.6340064582918434
79.97028548870767,10.26627368711767,2.9917452093300745
81.25850045782973,9.995977758018592,3.0401413438058724
82.54671542695176,9.606505976804597,3.2008066390745324
83.8349303960738,10.014828549816245,3.322673947658216
85.12314536519584,9.744925648910204,3.1136534608884014
86.4113603343179,9.712939364990065,3.352041044300829
87.69957530343994,9.584315156732574,3.2104416695506055
88.98779027256198,9.942790792302326,3.770643468471817
90.27600524168402,9.555513377045422,3.2923651271719536
91.56422021080607,9.335860478000978,3.0876764498642504
92.85243517996139,9.887335861341318,3.4954952971885507
94.14065014908343,10.04702686802577,3.8066158769963607
95.42886511823878,10.06079377072903,3.5049067350868004
96.71708008736081,9.677041811388788,3.127816364345951
98.00529505644957,10.26451252167275,3.080949659268466
99.2935100256049,8.61919818379209,1.779955105909185
100.58172499469366,7.970412819439068,2.162870107466047
101.86993996381571,8.774805204128429,2.280967803471907
103.15815493293775,8.633168495378833,2.327195084318247
104.44636990205979,8.056650327190523,1.8223329419744456
105.73458487121512,8.273196682114092,1.8776553287269842
107.02279984030388,8.404094048944232,1.8452712081067582
108.3110148094592,8.586253590978972,1.3920824310515427
109.59922977854798,8.887233285587694,2.310940099268505
110.88744474767002,7.823200701527302,1.4899735545942454
112.17565971675877,8.806809249959027,2.025655878250492
113.46387468588081,8.042817975419535,1.8697085965019122
114.75208965506943,8.75834725207967,2.2429332028229405
116.04030462419146,8.86876072422006,2.6762447817046238
117.32851959331352,7.906350828636258,1.8591027905651782
118.61673456243557,7.976334409376149,1.7070041271398573
119.9049495315576,8.103428060856025,1.787014397263714
121.19316450064636,8.617955152198386,2.393449005000326
122.48137946980168,9.19792447182375,2.6697422695588067
123.76959443892375,9.406255113443901,2.089561345949725
125.0578094080125,8.440999498146892,1.757152501217966
126.34602437713454,8.556246452348956,1.9140530948090806
127.63423934628986,9.220165911456332,2.0751113755505415
128.92245431541193,8.460832260200108,2.225482724036782
130.21066928450068,7.870376389918108,1.8664168947323696
131.498884253656,8.7647413475938,2.288532053334012
132.78709922277804,9.541728177282494,2.493635052405316
134.07531419190008,9.069221046625104,2.4405391338394535
135.36352916105542,8.17070067929156,1.8626860852472948
136.65174413017746,8.509005405867523,2.151017563536447
137.93995909933278,8.613745569936025,2.260742727306254
139.22817406842154,8.22116470407271,2.0809098152450027
140.51638903754358,9.237376885390926,2.320696276589174
141.80460400666564,9.369648453356502,2.734362883291499
143.09281897578768,8.892950042517592,2.2385519634925743
144.38103394490972,7.969752966253643,2.155810973559506
145.66924891399847,8.764375892151103,2.6658579251550187
146.9574638831538,9.676756215952764,2.7558462829184305
148.24567885230914,9.041954218052641,2.6651918061446143
149.53389382139792,9.441173386240582,2.7955698256974593
150.82210879051993,8.894735608001374,2.5061865780062327
152.110323759642,8.94876875827381,2.589877825693667
153.398538728764,9.290607519892651,2.7719918456741377
154.68675369788608,9.432109563505264,2.7664381119495154
155.9749686670414,9.237145017622154,2.156796161547611
157.26318363616346,9.79315309265345,2.7087191080259942
158.5513986052855,10.461354534067334,2.930978809775203
159.83961357440754,10.348192671745824,3.1542398610934206
161.12782854356286,9.112546538604011,2.763531522580923
162.4160435126516,9.593588847875647,3.0048536453759134
163.70425848177368,9.83581510856913,3.1275590740837123
164.992473450929,10.06786358363006,3.2884423790994535
166.28068842001775,9.183243728644442,3.0095974053136385
167.5689033891398,9.71351390345658,2.976849578753859
168.85711835826186,9.521499322706216,2.9255812753295256
170.14533332738387,9.115339163583013,2.853773126247454
171.43354829650593,9.528599549963385,2.9798042545917514
172.7217632655947,9.217576545181684,2.843755118085323
174.00997823475,8.954919651321381,2.734494157209414
175.29819320387207,9.422068171126604,3.1204855019482944
176.5864081730274,10.099398936001268,3.5845718112654397
177.87462314211615,9.690044992133286,3.21165663824761
179.16283811127147,9.376861886399485,2.6137036807426655
180.45105308042682,9.598856032753861,2.829839013755629
181.73926804954885,9.507333436536774,2.8004717640241528
183.0274830186376,9.975670964668854,3.1011383438018436
184.31569798772637,9.844420687459605,3.0095325643878503
185.60391295691497,9.954093999961396,2.6984392494563436
186.89212792597044,9.061524039019012,2.4708816993952425
188.18034289515907,9.258569822644926,2.4422317386917802
189.4685578642811,9.273678448927832,2.550280730504183
190.75677283336987,9.463909348959021,2.273408684415533
192.04498780245865,9.453258905959723,2.4243990049186652
193.33320277161397,9.641228656754997,2.5720524805657385
194.6214177407693,9.756498783966252,2.9918334663178303
195.90963270989133,9.386150686778562,2.3987014917022127
197.1978476790134,9.135190982718726,2.4596644189073205
198.4860626481354,10.282196507742153,2.7582925005378405
199.77427761725747,10.188732817853094,2.77861282419506
201.0624925864128,10.219512913351991,2.832220045989837
202.35070755550154,10.419081274367018,2.845900219814632
203.6389225246236,10.376498308847854,2.632630931771314
204.92713749374565,10.715408371279661,2.8247096614197833
206.21535246286768,10.945454904826958,2.394857136904366
207.50356743198975,10.017127385892804,2.5661822848643236
208.79178240111176,10.918666755704482,3.190789676811739
210.07999737023383,11.004451437517874,3.10487594914063
211.36821233935586,10.982856350686367,2.865066243753768
212.65642730844462,11.097091003119438,2.9744512241577854
213.94464227756666,10.843636012651814,2.9729625967568944
215.232857246722,10.8101658589619,2.5939616453518233
216.52107221587733,10.54641396868937,2.8166218895068655
217.80928718503264,10.05041214861693,2.5133667147581074
219.0975021541214,10.639831069538642,2.7295558166028173
220.38571712321016,11.127408893366812,2.985836312188467
221.6739320923988,10.875358258865027,2.531962578789818
222.96214706148754,10.634718557267004,2.53849462248999
224.25036203064286,10.945311057218566,2.901890218611662
225.53857699973162,10.925129663771965,2.8289454614734204
226.82679196885368,11.273536697215844,2.9987105378475225
228.1150069379757,11.038470753848417,2.6214181158437992
229.40322190709776,11.594928967005663,3.272306128114494
230.69143687621983,12.04557652101812,3.578668627211577
231.97965184534183,11.508971612775658,3.089998276196018
233.2678668144639,11.748882796833067,3.3651003444009064
234.55608178358594,12.315586857301628,3.8589679421032197
235.84429675270798,12.020316593169287,3.4801234007843647
237.13251172186332,13.306187911266964,3.9158023630631913
238.42072669098536,13.018127801295256,3.7667878989685755
239.7089416601074,13.278492251260928,3.98168901237078
240.99715662922944,12.16721801049053,3.4569882876106783
242.2853715983182,12.221163230966187,3.3626494507423503
243.57358656747354,13.011385603689446,3.6841261255367397
244.86180153659558,12.240929255077154,3.462324920919518
246.15001650575093,11.807779972009504,3.205011862450009
247.43823147483968,12.164592756444444,3.6597041611041656
248.72644644392844,11.292020420451944,3.121934305128532
250.01466141308376,9.994402261236667,3.0226696747393857
251.30287638220577,9.897023363215586,2.669335082893864
252.59109135132783,9.553344833704804,2.374844618016894
253.8793063204499,8.247889050258918,2.2005694548211974
255.1675212895719,6.930079687982192,2.004900713037813
256.45573625872726,6.955810759445024,1.857056418994428
257.74395122784927,5.988617914264674,1.753264533349187
259.03216619697133,4.8025593035824246,1.2805354481674533
260.3203811660934,4.286236484126696,1.0474439049729238
261.6085961352154,3.6278902925977894,1.185129729437889
262.8968111043375,2.055978967561074,0.8529501708264392
264.18502607345954,1.824161487192818,0.9280287260120579
265.47324104258155,1.753933830328349,0.5101154269908594
266.76145601173687,1.1886883273472515,-0.21154919582421178
268.0496709808257,1.3079349141599372,0.3976878400033587
269.3378859499477,1.559948455917703,0.39938631843819444
270.6261009190697,0.9370154510579953,0.1529011534917072
271.9143158881585,-0.010160972359145674,-0.08575943359240447
273.20253085731383,-0.296707385519831,-0.17349049077741152
274.4907458264026,0.010419585918684134,-0.29068377859344974
275.77896079555796,-0.43874708676970314,-0.21653515696542794
277.06717576468,-0.16825747591850712,-0.06920191993757735
278.3553907338353,0.045528866792210465,0.07440988220282463
279.6436057029573,0.2513298119722196,0.16100130320982511
280.9318206720794,-0.30551527333481465,-0.13464664961018333
282.22003564120143,0.30631137970313255,0.11538197268106319
283.50825061032344,0.0007966109299778273,-0.5446487544138207
284.7964655794455,0.06720966115170557,0.00034660008693122927
286.0846805485676,-0.19333425866266096,-0.4487385743922496
287.3728955177229,0.29097155789330553,-0.1663440368460744
288.6611104868116,-0.02714386295321202,0.24093036454625805
289.9493254559337,0.4686123601937163,0.26902320322065515
291.2375404250557,0.20930744028515003,0.22128901923110544
292.5257553941445,-0.2959295158380773,0.5037424860769534
293.8139703632998,-0.002959221421650471,0.10006087082683834
295.10218533242187,-0.09928436440723679,0.21992330874200053
296.3904003015772,0.16755769719465105,0.23144305330532805
297.67861527069925,-0.6114972859739543,-0.5254901969368201
298.966830239788,-0.270153050524921,-0.2659154371804789
300.25504520894333,0.014957950521984793,0.06826330532889249
301.54326017806534,0.4756862880812891,0.643849504914779
302.83147514715415,-0.0455159351775836,0.5461065898510195
304.11969011630947,0.6065047502827551,0.8020675185378066
305.4079050854315,0.28570415648443015,0.4824905905223848
306.69612005458686,0.31379709697650543,0.2097553525277747
307.98433502367556,0.1136136119347005,0.011760610691150133
309.2725499927976,0.382745267923265,0.3576147092938168
310.5607649619197,0.451024310988691,0.26150151032347047
311.8489799310417,0.7669245726870809,0.4924448842887196
313.13719490016376,0.8635246236057927,0.8010459160128807
314.42540986928583,0.6040770321673276,0.7422978267029164
315.71362483840784,0.8531715799830618,0.6248512791168592
317.0018398074966,1.1454089681192967,0.7119424177563332
318.2900547766852,0.4657948513048032,0.6928591698883575
319.5782697458073,-0.004239010759529601,0.6543509943322982
320.8664847149626,0.4487786142033733,0.5384760772640408
322.1546996840513,0.35718007766747545,0.7433362738882924
323.44291465317343,0.493410014280892,0.5869642447907938
324.73112962229544,0.04789499640807022,0.4505303312249798
326.01934459141745,-0.23132558901032232,0.49944360809476734
327.3075595605396,0.1978822540476893,0.6151480568453698
328.5957745296616,0.3875826083675225,0.6006461908398891
329.8839894987836,0.7410463773756721,0.7235566676623879
331.17220446790566,0.7057729530875652,1.0019116568979816
332.4604194370277,-0.2708465731792052,-0.006726898090317279
333.74863440614973,-0.1945541219512321,0.14571112060232702
335.03684937527174,0.2391755529787234,-0.008033696264122881
336.32506434436056,-0.509234377498539,-0.45816686859319444
337.6132793135159,0.07532802805422358,0.15334905637340074
338.9014942826712,-0.3430754231722496,-0.07463031382849354
340.1897092518265,-0.0691715128040313,0.2428945272552579
341.4779242209153,0.3101197518268,0.3352905211304207
342.76613919007065,0.11860755671504133,-0.15464606083464527
344.05435415915935,-0.682169442374861,-0.49463275462644474
345.3425691282814,0.20138448204439402,-0.3921255249064426
346.63078409743673,-0.5776192302235998,-0.6626981134852441
347.9189990665255,-0.3902387363073377,-0.6878677102120687
349.20721403564755,-0.9681175480335679,-0.3196224402186598
350.4954290047696,-0.5981273180066392,-0.40316587778163565
351.7836439738916,0.13515328818572117,-0.07288327681364612
353.0718589430137,-0.3310437571811696,-0.17939639511034963
354.36007391213576,0.16507916307070308,0.13426589126867877
355.6482888812911,-0.31608947512109764,0.29785035114997005
356.9365038503465,-0.251905337805301,0.15660980914508765
358.2247188194686,-0.20076369890197218,-0.22710033435910212
359.51293378865716,-0.3906745427178853,-0.3600188732392468
360.80114875777923,-0.2747270954201937,-0.1754080131285595
362.089363726868,-1.217969769032097,-0.5212313198015491
363.3775786960566,-0.04670229149841934,-0.3251346616118001
364.6657936651454,1.0713524677357171,-0.3814577098259555
365.95400863426744,-0.13598390885426345,-0.23574102850766238
367.24222360338945,-0.5929615647809677,-0.4528838053115443
368.5304385724782,-0.38923473051492385,-0.3015850193323427
369.8186535416336,0.3516524802088733,-0.33676568353814634
371.1068685107556,-0.4731077226299223,-0.5073993367061896
372.3950834798776,-1.0738450930247723,-0.6281901907103334
373.6832984489664,-0.5085074022935664,-0.7377103237372509
374.97151341812173,-0.017896145410363544,-0.9200867526754168
376.25972838724374,-0.8222959893194675,-0.7906790434101644
377.5479433563658,-0.4293298162428561,-0.44281784755013
378.8361583254879,-0.051012581431459016,-0.29860829298382496
380.1243732946432,-0.1806143439898312,-0.37203676774214456
381.4125882637652,-0.3938651763293579,-0.8484376267189114
382.7008032329205,-0.042168709142145044,-0.2741348924703839
383.98901820200933,-0.1678480221504967,0.07706360987142744
385.27723317113134,-0.5578687012154483,-0.6212361449732163
386.56544814022016,-1.4704339494773808,-0.9392713512809596
387.85366310934216,-0.4898407946627601,-0.3403237031242461
389.1418780785308,-0.520210744315153,-0.7012932406557424
390.4300930476528,0.14261423720580207,-0.12627994693103978
391.7183080167416,-0.015930792116016203,0.002393050967471144
393.0065229858636,0.07089110113814404,-0.1019194613176905
394.29473795498564,-0.20669644999105474,-0.07039919526275303
395.5829529241077,0.32133009173978483,0.09208726179104582
396.87116789322977,0.32653351741234676,0.27263685211661437
398.1593828623518,0.3785932521780553,0.5614007320405494
399.4475978315071,0.3174238128976646,0.4674490158720352
400.73581280062916,0.18604186216727475,0.3024404715491413
402.0240277697512,0.692106434693566,0.7406908365360292
403.31224273884,0.5969074053050841,0.7459735945140102
404.6004577080286,1.4304724098908368,1.0219204017777945
405.8886726771506,0.3816239330313288,0.9516840841060058
407.1768876462061,0.5815587358092166,0.6416421629421353
408.46510261536145,-0.25433743451599267,0.29203601567389786
409.75331758448345,0.04600077883449355,0.7169601343415407
411.0415325536055,0.5285677490007856,1.0947099985240447
412.3297475227276,0.1361130923711513,0.256724520185049
413.6179624918496,0.3301489533142827,0.09306253807638731
414.9061774610049,-0.04953922636256417,-0.048695413918896244
416.1943924300937,0.15784086925057855,0.3664560460492681
417.48260739921574,-0.44564481978821074,0.10160756439026138
418.77082236833775,0.2957442731283461,0.12069078140700149
420.05903733749307,0.20591896393987688,0.37312409285109926
421.3472523066152,0.04722569779910709,0.21388724787824473
422.6354672757372,0.057379319266012176,0.10544022064033212
423.9236822448925,0.36803652048381197,0.7814035722780736
425.21189721398133,0.3210011249639895,0.5173764738025413
426.50011218307003,0.8568231047189766,0.5350928613155725
427.78832715222535,0.597553783234372,0.6244879990959304
429.07654212138067,0.5542970651967388,0.5335429168619237
430.3647570904695,-0.2900290440528337,0.49057005082719773
431.6529720595915,-0.0007028259653275704,0.6170424503759802
432.9411870287135,0.38163904618057937,0.8723568625974717
434.2294019978356,0.4016773410360959,0.6599101266695364
435.51761696695763,0.18884723827581082,0.26565613978283764
436.80583193607964,-0.31212026594099973,0.3209834811586623
438.094046905235,0.5948702604003026,0.9962331232284836
439.3822618743238,-0.7699600066265095,-0.003557752997572051
440.6704768434791,0.6511487334548427,0.7938494274264697
441.9586918126344,0.7976049784967169,1.0804554179132213
443.2469067817232,1.0434717495900048,0.8423032857840113
444.5351217508119,0.2653558866656853,0.506442801777782
445.82333671996724,-0.06088960384244125,0.576362624171055
447.1115516890893,0.8612693816103357,0.8686956449445802
448.3997666582114,0.5861367912826961,0.7601377491029037
449.6879816273334,0.6558833882184831,0.7514931202810105
450.97619659645545,0.3093644382616916,-0.08996208475936558
452.2644115655775,0.07736120622852198,0.06914508007916317
453.5526265346663,-0.0881753330564497,0.08619045965034906
454.8408415038216,0.5494218843543413,0.23184413897597217
456.1290564729769,0.1391201405098741,0.24733872403970208
457.41727144206567,0.4364520299910063,0.2479783618278481
458.70548641118774,0.3478039885370284,-0.11996765540978561
459.99370138030974,-0.07587453258868966,0.04821435218146776
461.28191634946506,0.6449051500217811,0.13047641513892835
462.57013131858713,0.3564817413493204,0.16791276310488443
463.85834628774245,-0.1997136213073826,0.06275359283747328
465.1465612568312,-0.1706686281484811,-0.43383608861579775
466.43477622595327,-0.28621184784301307,-0.7209696231850399
467.72299119507534,0.6480961967529979,-0.23671405961247632
469.01120616419735,0.1515733039814938,-0.1677669237534266
470.29942113331936,-0.8114707695667717,-0.4587462344809865
471.5876361024415,-0.5801723557179943,-0.4977624777945044
472.8758510715635,-0.3781816505643576,-0.24824994568972447
474.1640660406855,-0.2774694076240141,-0.19195771032877845
475.4522810098076,-0.1884044741334239,0.041857674050564384
476.74049597892963,-0.0543489913906325,-0.28420771169282144
478.02871094805164,-0.33992712831550137,-0.520585311017497
479.3169259171737,0.1264009282427499,-0.4242247498172188
480.60514088629577,-0.13947217667700487,-0.4218725917347262
481.8933558554511,-0.5618830655105842,-0.5208393220452362
483.1815708246064,-0.8213596528026688,-0.9410241172814162
484.46978579369517,-0.10023176495603062,-0.88370847565087
485.75800076281723,-0.19592611095133716,-0.9478577101200947
487.04621573193924,-1.1168807648910795,-0.8665480362294945
488.33443070106125,-0.8575274643539563,-1.2129637157257933
489.6226456701834,-1.403015741035292,-1.4864446596943777
490.9108606393054,-0.7648764309498834,-0.9604988837072946
492.1990756084274,-0.1331143827895984,-0.42103880252602927
493.4872905775495,-0.07488853738222032,-0.8274349440687115
494.7755055466715,-0.4459439996177631,-0.4728516270388794
496.06372051579353,-0.11912926820123458,-0.38162732235459423
497.3519354849156,-0.7585312247760645,-0.9870058917998611
498.64015045403767,-0.17033353080206678,-0.7095346550268513
499.9283654231597,-1.2408157114591674,-1.068513502677979
501.2165803923483,-0.25844513899378985,-0.8037041112996888
502.50479536143706,-1.0088829831677726,-0.936169158796939
503.7930103305591,-1.393696731084417,-1.229656238052136
505.0812252996479,-0.3724741852208892,-0.7996958671884772
506.3694402688032,0.12701491610379712,0.1434951438718649
507.6576552379252,-0.4635001660399548,-0.5744152512532744
508.9458702070473,-1.3617370635398838,-0.7220496184147414
510.23408517616934,-1.1421260532113513,-0.7711204456633384
511.52230014529135,-0.1369672403649668,-0.3678742102157396
512.8105151144134,0.045096051659998936,-0.21398258964362996
514.0987300835687,0.5597590992139161,-0.10924847455617427
515.3869450526576,-0.5829087313352838,-0.6374842813212761
516.6751600217796,-0.5860480746114852,-0.7312834826262665
517.9633749909016,0.4479575705626412,-0.07334523298155733
519.2515899600237,-0.46014558895042984,-0.0077440511748440395
520.5398049291457,-0.25029988577784934,0.16731372377913814
521.8280198982677,-0.6860541947295573,-0.35359996751163086
523.116234867423,0.232063107358937,-0.16463154172346958
524.4044498365118,-0.26668683850693414,-0.1692922806479983
525.6926648056672,-0.34164026268862707,-0.12392769548056802
526.9808797747892,0.15793029021372296,0.24304144310370965
528.2690947439112,0.46693766068115233,0.19445199729316268
529.557309713,-0.2823171331029968,-0.045465316305685344
530.8455246821553,0.14731020631961497,-0.0026625354090694425
532.1337396512773,-0.21975128920762135,-0.3017270145006156
533.4219546203994,0.6795474380458141,0.38450341258471626
534.7101695895215,0.4393231618480429,0.28112980279106414
535.9983845586435,0.8968029268885401,0.5689113951904549
537.2865995277323,-0.10250107100642883,0.3786667518480691
538.5748144968876,1.136183972553834,1.1194925419400852
539.8630294660096,0.2864391269741662,0.8139721382693319
541.1512444351649,0.1891462663255399,0.42592229566032563
542.439459404287,0.4304642259790449,0.6353105004721482
543.7276743734091,0.7915545646721124,0.6390049267983294
545.0158893425311,0.5143318699257153,0.7126572089384734
546.3041043116532,0.09505877294991982,0.6776511275589526
547.5923192807419,0.03305182698067323,0.6483022234580639
548.8805342498972,0.41974570416313123,0.7319477482116055
550.1687492190193,0.9602865386189781,0.9743857788621221
551.4569641881412,1.5337697184728918,1.0426005413348525
552.7451791572634,0.9326354581694494,0.8985258354720096
554.0333941264187,1.0745644295782228,0.8239597513332236
555.3216090955074,0.00648689000062977,0.5634330980286466
556.6098240646295,1.023876787455804,1.0038729914264615
557.8980390337515,0.6961148003125782,0.9383738743191115
559.1862540028735,0.4490318479546231,0.485149548655412
560.4744689719956,0.31654509705781997,0.5011854908710519
561.762683941151,0.3916858982511973,0.96167497766099
563.050898910273,-0.2965306437637857,0.5383220394734803
564.3391138793951,0.1455536592810926,0.5931994578644707
565.627328848517,0.285558976775517,0.08228485952249398
566.9155438176391,0.7093999555410038,0.5156596966156688
568.2037587867612,-0.19100005893072328,0.03602994286372223
569.4919737558831,0.39997574461775937,0.061563629386072675
570.7801887250052,1.7037485804604766,1.1741484508325126
572.0684036941274,0.8213701710141558,0.5985783890493718
573.3566186632493,0.057470972131391636,0.4358729737469004
574.6448336323381,0.732465892338778,0.5907692284237308
575.9330486014935,0.6591856839912837,0.34425996613836474
577.2212635706154,0.3392208078404716,0.8141683988963554
578.5094785397375,0.23237388588020838,0.8750546317700582
579.7976935088597,-0.2794791281562286,0.13920229000958587
581.0859084779815,-0.32259593737649084,0.07203801648298895
582.3741234471037,-0.5326341136811539,0.37075260745007477
583.6623384162589,0.41649553062044287,0.8041719393099435
584.950553385381,0.372613126644852,0.5242423782621286
586.2387683545031,0.9885269838500116,0.8148115316484061
587.526983323625,0.6253999638227435,0.3381391432759787
588.8151982927471,-0.15357411397160986,-0.406138438095598
590.1034132618693,-0.8669370594896166,-0.23538228015518872
591.3916282309912,-0.07749014488185653,-0.15844512657020454
592.6798432001133,-0.32579179744426817,-0.10974469037899251
593.9680581692354,-0.3586753697985782,-0.07701887270754111
595.2562731383906,-0.10289739630888174,0.08786850584732829
596.5444881074794,0.4368688047870803,0.30807839944558735
597.8327030766015,-0.0833943396643193,0.05671779049143159
599.1209180456901,0.08828968685958426,0.21195666900360596
600.4091330148456,0.2211056993330742,0.33003944719473044
601.6973479839676,0.9707562608459359,0.9020546346817787
602.9855629531229,0.6724561972422023,0.2883571383347299
604.273777922245,0.3066725835028423,0.22060697542078003
605.5619928914002,0.0902333796238542,0.124410070249899
606.850207860489,-0.28570273117484785,-0.3890737371672598
608.1384228296112,-0.46866408264686804,-0.6491710393168281
609.426637798733,-0.1507996410995868,-0.09547656745040581
